lockL3,lockL4,lockL5,lockL6,station_eu_code
NA,NA,NA,NA,IT0825A
-0.18455412989590136,NA,NA,-0.29712601303132935,IT0863A
NA,NA,NA,NA,IT0867A
NA,0.2528720163031961,NA,NA,IT0887A
NA,0.28272349337400726,NA,NA,IT0952A
NA,NA,NA,NA,IT0953A
NA,NA,NA,NA,IT0957A
NA,0.29410413673283675,NA,NA,IT0989A
NA,NA,NA,NA,IT1183A
NA,NA,NA,NA,IT1184A
NA,NA,NA,NA,IT1836A
-0.484547913067629,-0.2320382780734478,NA,NA,IT1906A
0.15747493708440108,0.1804210999307987,NA,NA,IT2012A
NA,NA,NA,NA,IT2013A
